rowID,meanFWHM,stdevFWHM,minFWHM,maxFWHM,meanPvLeak,stdevPvLeak,minPvLeak,maxPvLeak,X,Y,Z,capLogical,venLogical,artLogical,midLogical,preLogical,pstLogical,midCapLogical,preCapLogical,pstCapLogical,midVenLogical,preVenLogical,pstVenLogical,midArtLogical,preArtLogical,pstArtLogical,group
ZT10_16X6x_gg_800nm_m5_roi2_00003_ROIs_classA_01,3.7403783543788,0.120026623674962,3.54229716883894,3.90735469675448,0.724227294802788,0.0089859072902868,0.706559875822216,0.734499757454609,30.0,366.5,10.0,1.0,0.0,0.0,1.0,0.0,0.0,1.0,0.0,0.0,0.0,0.0,0.0,0.0,0.0,0.0,A
ZT10_16X6x_gg_800nm_m5_roi2_00003_ROIs_classA_02,4.10006707534461,0.120158418999645,3.92286951557811,4.24550800607157,0.739692364138803,0.0018601815646751,0.735731887470126,0.741958612456649,213.0,242.0,20.0,1.0,0.0,0.0,0.0,1.0,0.0,0.0,1.0,0.0,0.0,0.0,0.0,0.0,0.0,0.0,A
ZT10_16X6x_gg_800nm_m5_roi2_00003_ROIs_classA_03,6.32626080226821,0.0918142842826231,6.20288143675085,6.44160433937553,0.678210528891099,0.0206519187107108,0.639518146142712,0.710663235768888,436.0,193.5,25.0,1.0,0.0,0.0,1.0,0.0,0.0,1.0,0.0,0.0,0.0,0.0,0.0,0.0,0.0,0.0,A
ZT10_16X6x_gg_800nm_m5_roi2_00003_ROIs_classA_04,6.06630526279354,0.0707349992000908,5.97427433495711,6.1454084154591,0.742716660295904,0.001181992055847,0.740696598577007,0.74453800607868,278.0,245.0,55.0,1.0,0.0,0.0,0.0,1.0,0.0,0.0,1.0,0.0,0.0,0.0,0.0,0.0,0.0,0.0,A
ZT10_16X6x_gg_800nm_m6_roi1_00001_ROIs_classA_01,5.88671274516014,0.134211050895333,5.69353483397302,6.10186583207067,0.710036399660186,0.0086170873272937,0.697944132353163,0.7273215118468,404.0,267.5,15.0,1.0,0.0,0.0,1.0,0.0,0.0,1.0,0.0,0.0,0.0,0.0,0.0,0.0,0.0,0.0,A
ZT10_16X6x_gg_800nm_m6_roi1_00001_ROIs_classA_02,4.67920677028315,0.0794571997953784,4.55865475434852,4.79529575324016,0.730371800043074,0.0066634342847428,0.719753121516837,0.738997554975863,264.0,254.5,20.0,1.0,0.0,0.0,1.0,0.0,0.0,1.0,0.0,0.0,0.0,0.0,0.0,0.0,0.0,0.0,A
ZT10_16X6x_gg_800nm_m6_roi1_00001_ROIs_classA_03,6.69162072354454,0.137906038490319,6.48647570559759,6.84030563628335,0.737305238644409,0.0049040845167209,0.726498066331033,0.741948888266001,202.5,328.0,60.0,0.0,0.0,1.0,0.0,1.0,0.0,0.0,0.0,0.0,0.0,0.0,0.0,0.0,1.0,0.0,A
ZT10_16X6x_gg_800nm_m6_roi1_00001_ROIs_classA_04,6.23309059163892,0.317940860310125,5.85950357169348,6.8440743560731,0.73725571133466,0.0052007483886259,0.728739549194436,0.743065427054877,244.5,307.0,75.0,1.0,0.0,0.0,0.0,0.0,1.0,0.0,0.0,1.0,0.0,0.0,0.0,0.0,0.0,0.0,A
ZT10_16X6x_gg_800nm_m6_roi1_00001_ROIs_classA_05,5.1060436120812,0.443754481844566,4.4763682714034,5.79397956055947,0.744269035691678,0.0018890205514891,0.740336731052396,0.74663167939442,191.0,187.5,120.0,1.0,0.0,0.0,1.0,0.0,0.0,1.0,0.0,0.0,0.0,0.0,0.0,0.0,0.0,0.0,A
ZT10_16X6x_gg_800nm_m6_roi1_00001_ROIs_classA_07,4.44343484911921,0.0724004934457637,4.31837865738978,4.58457178735109,0.735615753745939,0.0041134635831176,0.728559856319732,0.743027312056549,422.0,203.5,20.0,1.0,0.0,0.0,1.0,0.0,0.0,1.0,0.0,0.0,0.0,0.0,0.0,0.0,0.0,0.0,A
ZT10_16X6x_gg_800nm_m6_roi1_00001_ROIs_classA_08,3.91902300365277,0.117077457674547,3.77009571249315,4.14059976335592,0.744415581119444,0.0024478400301336,0.740349594995162,0.746920256486758,248.0,154.0,25.0,1.0,0.0,0.0,1.0,0.0,0.0,1.0,0.0,0.0,0.0,0.0,0.0,0.0,0.0,0.0,A
ZT10_16X6x_gg_800nm_m6_roi1_00001_ROIs_classA_09,5.4402595785054,0.714641933938432,4.60732106142035,6.89216038933499,0.746253328224897,0.0012625584024936,0.744830477614131,0.748754405472551,32.5,407.0,30.0,1.0,0.0,0.0,0.0,0.0,1.0,0.0,0.0,1.0,0.0,0.0,0.0,0.0,0.0,0.0,A
ZT10_16X6x_gg_800nm_m6_roi1_00001_ROIs_classA_10,5.65754991615017,0.168920588948671,5.39789536427451,5.92161785549659,0.745065039607121,0.0011677571673389,0.743093609249121,0.74698389072192,38.5,435.5,35.0,1.0,0.0,0.0,0.0,1.0,0.0,0.0,1.0,0.0,0.0,0.0,0.0,0.0,0.0,0.0,A
ZT10_16X6x_gg_800nm_m6_roi1_00001_ROIs_classA_11,4.3259837146097,0.0536476368530669,4.27630823822308,4.45876143687861,0.737835713195878,0.0040818151817369,0.731455381117215,0.742422051971612,61.0,82.5,35.0,1.0,0.0,0.0,0.0,0.0,1.0,0.0,0.0,1.0,0.0,0.0,0.0,0.0,0.0,0.0,A
ZT10_16X6x_gg_800nm_m6_roi1_00001_ROIs_classA_12,4.13234701658246,0.0482426229510964,4.07336118771174,4.21822716165398,0.743903260773422,0.0010317154200999,0.742177578485113,0.745861304525476,334.5,204.5,135.0,1.0,0.0,0.0,1.0,0.0,0.0,1.0,0.0,0.0,0.0,0.0,0.0,0.0,0.0,0.0,A
ZT10_16X6x_gg_800nm_m6_roi1_00001_ROIs_classA_13,4.07614689328807,0.193164479398908,3.69520417754712,4.32412591465813,0.7244755138215,0.0139521694144212,0.705791062478427,0.74100132359989,239.0,166.0,30.0,1.0,0.0,0.0,1.0,0.0,0.0,1.0,0.0,0.0,0.0,0.0,0.0,0.0,0.0,0.0,A
ZT10_16X6x_gg_800nm_m7_roi1_00001_ROIs_classA_01,4.0796303774399,0.1387784508421,3.84730070794167,4.26278974099069,0.716508310662708,0.0113718816035753,0.693292978957116,0.729003373691543,329.5,425.0,10.0,1.0,0.0,0.0,1.0,0.0,0.0,1.0,0.0,0.0,0.0,0.0,0.0,0.0,0.0,0.0,B
ZT10_16X6x_gg_800nm_m7_roi1_00001_ROIs_classA_02,3.44694333715526,0.0450692514902457,3.38246925290238,3.52100518197822,0.7384858215746,0.0041737611449593,0.731277806878656,0.745338031082005,453.5,377.5,25.0,1.0,0.0,0.0,1.0,0.0,0.0,1.0,0.0,0.0,0.0,0.0,0.0,0.0,0.0,0.0,B
ZT10_16X6x_gg_800nm_m7_roi1_00001_ROIs_classA_03,4.05746035128593,0.116039787034047,3.92254823835767,4.23000811413768,0.743258611536086,0.0020927539159057,0.740127906812936,0.746370554434654,280.5,499.5,85.0,1.0,0.0,0.0,1.0,0.0,0.0,1.0,0.0,0.0,0.0,0.0,0.0,0.0,0.0,0.0,B
ZT10_16X6x_gg_800nm_m7_roi1_00001_ROIs_classA_05,5.20881711141078,0.0686373794323734,5.12501373982677,5.30260968322181,0.744788988203558,0.0012842444021171,0.743346760966753,0.746866660368264,115.5,29.5,40.0,0.0,0.0,1.0,1.0,0.0,0.0,0.0,0.0,0.0,0.0,0.0,0.0,1.0,0.0,0.0,B
ZT10_16X6x_gg_800nm_m9_roi1_00002_ROIs_classA_01,4.97971681343745,0.20229225508332,4.6181868819105,5.18073243078399,0.732494801170088,0.0073212001930399,0.719314081568915,0.740521611476648,357.5,67.0,10.0,1.0,0.0,0.0,1.0,0.0,0.0,1.0,0.0,0.0,0.0,0.0,0.0,0.0,0.0,0.0,A
ZT10_16X6x_gg_800nm_m9_roi1_00002_ROIs_classA_02,4.80285460123879,0.104808814393392,4.55511960795115,4.88850129699863,0.737708517972653,0.0025075817769397,0.734905425703745,0.742457800386173,240.5,66.0,20.0,1.0,0.0,0.0,0.0,1.0,0.0,0.0,1.0,0.0,0.0,0.0,0.0,0.0,0.0,0.0,A
ZT10_16X6x_gg_800nm_m9_roi1_00002_ROIs_classA_03,3.77637775845243,0.093544079533281,3.65624336040055,3.91808131997854,0.739936470175847,0.001862189667526,0.736414497158606,0.742504952672765,277.5,49.0,20.0,1.0,0.0,0.0,0.0,0.0,1.0,0.0,0.0,1.0,0.0,0.0,0.0,0.0,0.0,0.0,A
ZT10_16X6x_gg_800nm_m9_roi1_00002_ROIs_classA_04,3.36718267714757,0.0156835988295725,3.35427774166167,3.4003721083351,0.740493004834547,0.0019476933912535,0.738032048889039,0.743762729812046,241.5,30.5,25.0,1.0,0.0,0.0,0.0,0.0,1.0,0.0,0.0,1.0,0.0,0.0,0.0,0.0,0.0,0.0,A
ZT10_16X6x_gg_800nm_m9_roi1_00002_ROIs_classA_05,6.70848625704456,0.340340246915907,6.2453443466792,7.3808987083027,0.745023097926784,0.0011612668740814,0.743501282922476,0.74695486352751,17.0,227.5,20.0,0.0,0.0,1.0,0.0,1.0,0.0,0.0,0.0,0.0,0.0,0.0,0.0,0.0,1.0,0.0,A
ZT10_16X6x_gg_800nm_m9_roi1_00002_ROIs_classA_06,4.4194004841546,0.0945944784731293,4.28470132885811,4.54752197180811,0.739109658984024,0.00354380243987,0.731295512390848,0.742498862453528,128.0,416.5,25.0,1.0,0.0,0.0,1.0,0.0,0.0,1.0,0.0,0.0,0.0,0.0,0.0,0.0,0.0,0.0,A
ZT10_16X6x_gg_800nm_m9_roi1_00002_ROIs_classA_07,4.37094840577042,0.10375166970638,4.17975311437944,4.49958126753679,0.734687572774974,0.0050409390535412,0.72646010465516,0.741320461279727,294.5,132.5,40.0,1.0,0.0,0.0,1.0,0.0,0.0,1.0,0.0,0.0,0.0,0.0,0.0,0.0,0.0,0.0,A
ZT10_16X6x_gg_800nm_m9_roi1_00002_ROIs_classA_08,7.46156760085078,0.237809765813927,7.03680089929068,7.77628354363669,0.694942226475823,0.0185204258203237,0.670637415021079,0.722396292995009,205.0,191.5,70.0,0.0,0.0,1.0,1.0,0.0,0.0,0.0,0.0,0.0,0.0,0.0,0.0,1.0,0.0,0.0,A
ZT10_16X6x_gg_800nm_m9_roi1_00002_ROIs_classA_10,3.13645974630524,0.0431751687609491,3.02046572548473,3.16824920208065,0.743651703788589,0.0016127098823671,0.740581609013799,0.746377834850448,127.0,200.0,5.0,1.0,0.0,0.0,1.0,0.0,0.0,1.0,0.0,0.0,0.0,0.0,0.0,0.0,0.0,0.0,A
ZT10_16X6x_gg_800nm_m9_roi1_00002_ROIs_classA_11,2.94067329822234,0.0658331774686653,2.84730102850652,3.01272019466051,0.738268031180196,0.003662986056787,0.733501083356645,0.743602182521212,196.0,238.0,15.0,1.0,0.0,0.0,1.0,0.0,0.0,1.0,0.0,0.0,0.0,0.0,0.0,0.0,0.0,0.0,A
ZT10_16X6x_gg_800nm_m9_roi1_00002_ROIs_classA_12,4.8548035857051,0.0822746538217029,4.78399161853326,4.99594750817412,0.742030247056481,0.0009995473368445,0.740215439395719,0.743571880037021,100.0,361.0,25.0,1.0,0.0,0.0,0.0,1.0,0.0,0.0,1.0,0.0,0.0,0.0,0.0,0.0,0.0,0.0,A
ZT10_16X6x_gg_800nm_m9_roi1_00002_ROIs_classA_14,2.90591524590452,0.0568112952655656,2.7672522590235,2.97154453808136,0.739666271676569,0.0022137239598812,0.734749149884332,0.74273916232155,195.0,229.0,20.0,1.0,0.0,0.0,1.0,0.0,0.0,1.0,0.0,0.0,0.0,0.0,0.0,0.0,0.0,0.0,A
ZT10_16X6x_gg_800nm_m9_roi1_00002_ROIs_classA_15,3.13166989905476,0.025444933038853,3.09782852274752,3.18761834935934,0.73993384798113,0.0014728639245524,0.737933320303752,0.741943296341787,217.0,196.5,25.0,1.0,0.0,0.0,0.0,1.0,0.0,0.0,1.0,0.0,0.0,0.0,0.0,0.0,0.0,0.0,A
ZT10_16X6x_gg_800nm_m9_roi1_00002_ROIs_classA_16,2.90965669633107,0.0859114560355489,2.78241823845347,3.03810494801505,0.740535908143264,0.0017039639683917,0.73792078001523,0.743037898166923,213.0,170.5,25.0,1.0,0.0,0.0,0.0,0.0,1.0,0.0,0.0,1.0,0.0,0.0,0.0,0.0,0.0,0.0,A
ZT10_16X6x_gg_800nm_m9_roi1_00002_ROIs_classA_17,3.56239395669315,0.171405328038202,3.31377465472214,3.78919220817961,0.737993573525487,0.002791921103614,0.73277462376082,0.742000576328978,358.0,63.5,15.0,1.0,0.0,0.0,1.0,0.0,0.0,1.0,0.0,0.0,0.0,0.0,0.0,0.0,0.0,0.0,A
ZT10_16X6x_gg_800nm_m9_roi1_00002_ROIs_classA_18,5.08191733222688,0.0901990935586228,4.95252251687972,5.26476053882496,0.743659230530934,0.0010222309913146,0.742234497661436,0.745432528152635,161.5,461.5,55.0,1.0,0.0,0.0,0.0,1.0,0.0,0.0,1.0,0.0,0.0,0.0,0.0,0.0,0.0,0.0,A
ZT10_16X6x_gg_800nm_m9_roi1_00002_ROIs_classA_19,4.05605557297699,0.163531904048281,3.81827996543859,4.25400662237143,0.737959220127003,0.0027733908482631,0.733779049979704,0.740721449112077,131.0,448.5,50.0,1.0,0.0,0.0,0.0,0.0,1.0,0.0,0.0,1.0,0.0,0.0,0.0,0.0,0.0,0.0,A
ZT10_16X6x_gg_800nm_m9_roi1_00002_ROIs_classA_20,3.27725885656989,0.352657417086655,2.78025725953261,4.04470825458384,0.739879793525399,0.004808899250249,0.727411372996305,0.744724232511161,494.5,199.0,25.0,1.0,0.0,0.0,1.0,0.0,0.0,1.0,0.0,0.0,0.0,0.0,0.0,0.0,0.0,0.0,A
ZT10_16X6x_gg_800nm_m9_roi1_00002_ROIs_classA_21,9.16546343137058,0.151210059562666,8.91616631251153,9.32548189790034,0.721722162446737,0.0073439777920524,0.711580533309575,0.731129028304244,409.5,103.5,70.0,0.0,1.0,0.0,1.0,0.0,0.0,0.0,0.0,0.0,1.0,0.0,0.0,0.0,0.0,0.0,A
ZT10_16X6x_gg_800nm_m9_roi1_00002_ROIs_classA_22,4.34617325241474,0.263042406676948,3.82448104449268,4.62176009435455,0.735476594412611,0.0041648943570217,0.726326793409183,0.740127208567131,63.0,292.5,95.0,1.0,0.0,0.0,1.0,0.0,0.0,1.0,0.0,0.0,0.0,0.0,0.0,0.0,0.0,0.0,A
ZT10_16X6x_gg_800nm_m10_roi1_00001_ROIs_classA_01,3.97769735682921,0.0853322856133375,3.7785086184284,4.06941237028576,0.738085918391547,0.0020098163454896,0.733878949401835,0.740172925285792,415.0,117.5,20.0,1.0,0.0,0.0,1.0,0.0,0.0,1.0,0.0,0.0,0.0,0.0,0.0,0.0,0.0,0.0,A
ZT10_16X6x_gg_800nm_m10_roi1_00001_ROIs_classA_02,2.94206185778933,0.0326490818501524,2.861179685986,2.98027180563075,0.745001347305622,0.0009254614083699,0.74320784348711,0.7464114816846,373.0,500.5,20.0,1.0,0.0,0.0,1.0,0.0,0.0,1.0,0.0,0.0,0.0,0.0,0.0,0.0,0.0,0.0,A
ZT10_16X6x_gg_800nm_m10_roi1_00001_ROIs_classA_03,5.01204156057066,0.100301325328406,4.84170129757851,5.10999387152256,0.741308583450159,0.0033692601429346,0.735425555442599,0.744951585778024,227.5,123.0,30.0,1.0,0.0,0.0,1.0,0.0,0.0,1.0,0.0,0.0,0.0,0.0,0.0,0.0,0.0,0.0,A
ZT10_16X6x_gg_800nm_m10_roi1_00001_ROIs_classA_04,5.93672730707726,0.0727352034406956,5.82378690452158,6.08862587623196,0.745094487706275,0.0019438154762071,0.742273483069319,0.747033289144849,259.5,240.0,25.0,1.0,0.0,0.0,1.0,0.0,0.0,1.0,0.0,0.0,0.0,0.0,0.0,0.0,0.0,0.0,A
ZT10_16X6x_gg_800nm_m10_roi1_00001_ROIs_classA_05,5.16001533355676,0.0787633407150769,5.02429739069814,5.26507612336964,0.733513905318334,0.007557303569036,0.720010099064873,0.740260499194495,152.0,369.5,40.0,1.0,0.0,0.0,0.0,1.0,0.0,0.0,1.0,0.0,0.0,0.0,0.0,0.0,0.0,0.0,A
ZT10_16X6x_gg_800nm_m10_roi1_00001_ROIs_classA_06,4.40099941970225,0.0588554545081357,4.32276525869307,4.48541283163477,0.745010480135189,0.0008670246567041,0.743792218090451,0.745967221443072,148.5,332.0,25.0,1.0,0.0,0.0,0.0,0.0,1.0,0.0,0.0,1.0,0.0,0.0,0.0,0.0,0.0,0.0,A
ZT10_16X6x_gg_800nm_m10_roi1_00001_ROIs_classA_07,3.62829493384865,0.134503311240559,3.45171941847777,3.81755408623743,0.744858874690861,0.0011711894553451,0.743353488997363,0.746761712907896,117.0,360.5,55.0,1.0,0.0,0.0,0.0,0.0,1.0,0.0,0.0,1.0,0.0,0.0,0.0,0.0,0.0,0.0,A
ZT10_16X6x_gg_800nm_m10_roi1_00001_ROIs_classA_08,5.45618346619261,0.0681045870791707,5.3607316482463,5.54515787489089,0.746819211876525,0.0007119135101462,0.745674520515079,0.747622851784926,443.5,225.5,50.0,1.0,0.0,0.0,1.0,0.0,0.0,1.0,0.0,0.0,0.0,0.0,0.0,0.0,0.0,0.0,A
ZT10_16X6x_gg_800nm_m10_roi1_00001_ROIs_classA_09,6.64978219467453,0.228725240263043,6.28796003273562,6.99180913849764,0.742571972543655,0.0013272131260899,0.741059427471203,0.74498429914713,159.0,235.0,70.0,0.0,1.0,0.0,1.0,0.0,0.0,0.0,0.0,0.0,1.0,0.0,0.0,0.0,0.0,0.0,A
ZT10_16X6x_gg_800nm_m10_roi1_00001_ROIs_classA_10,8.90438058172969,0.539712666414703,8.36740884724479,9.9070440801807,0.7342669718002,0.0057844261950231,0.719995158421081,0.740903295204684,476.5,51.0,80.0,0.0,1.0,0.0,1.0,0.0,0.0,0.0,0.0,0.0,1.0,0.0,0.0,0.0,0.0,0.0,A
ZT10_16X6x_gg_800nm_m10_roi1_00001_ROIs_classA_13,4.63158107950316,0.0933792017347255,4.47794994679665,4.78672002950068,0.744682380916712,0.0004046833104546,0.743762335046586,0.745239775452621,190.5,221.5,20.0,1.0,0.0,0.0,0.0,0.0,1.0,0.0,0.0,1.0,0.0,0.0,0.0,0.0,0.0,0.0,A
ZT10_16X6x_gg_800nm_m10_roi1_00001_ROIs_classA_14,7.69932373154473,0.185226438115477,7.51279116161589,7.99530147598665,0.7427906845911,0.0005403369856492,0.74191727646115,0.743361068882666,187.5,248.5,20.0,1.0,0.0,0.0,0.0,1.0,0.0,0.0,1.0,0.0,0.0,0.0,0.0,0.0,0.0,0.0,A
ZT10_16X6x_gg_800nm_m10_roi1_00001_ROIs_classA_15,2.9357234398812,0.150519374984512,2.72938491368426,3.20076666681119,0.737439975139873,0.0015547027700329,0.735662939607217,0.739566819558634,311.0,284.5,5.0,1.0,0.0,0.0,1.0,0.0,0.0,1.0,0.0,0.0,0.0,0.0,0.0,0.0,0.0,0.0,A
ZT10_16X6x_gg_800nm_m10_roi1_00001_ROIs_classA_16,2.65582377908126,0.0507761921383993,2.58894794631292,2.72718070488646,0.743456543074142,0.0004599611542964,0.743132230044404,0.744632516541349,445.0,97.0,5.0,1.0,0.0,0.0,1.0,0.0,0.0,1.0,0.0,0.0,0.0,0.0,0.0,0.0,0.0,0.0,A
ZT10_16X6x_gg_800nm_m10_roi1_00001_ROIs_classA_17,4.35652401460349,0.105155338552243,4.12211081247749,4.49812970640496,0.742490896435363,0.0013866214101924,0.740386804644257,0.744737726141845,367.5,148.5,10.0,1.0,0.0,0.0,1.0,0.0,0.0,1.0,0.0,0.0,0.0,0.0,0.0,0.0,0.0,0.0,A
ZT10_16X6x_gg_800nm_m10_roi1_00001_ROIs_classA_18,4.29361750890942,0.0922876278229567,4.18586117277966,4.4505463477636,0.742402131260471,0.0009804721839406,0.741096030464996,0.743966709785516,143.5,399.5,25.0,1.0,0.0,0.0,1.0,0.0,0.0,1.0,0.0,0.0,0.0,0.0,0.0,0.0,0.0,0.0,A
ZT10_16X6x_gg_800nm_m10_roi1_00001_ROIs_classA_19,5.65572050696002,0.0867829676662605,5.47642640050973,5.79713840748065,0.740110514488151,0.0009679162825906,0.738934103723362,0.742036207589701,282.0,166.5,50.0,1.0,0.0,0.0,1.0,0.0,0.0,1.0,0.0,0.0,0.0,0.0,0.0,0.0,0.0,0.0,A
ZT10_16X6x_gg_800nm_m10_roi1_00001_ROIs_classA_20,5.95034785935737,0.139970849356579,5.80302876503957,6.1600002748802,0.741655619473983,0.0014844954273044,0.738673873257026,0.743628231345593,289.5,254.5,90.0,1.0,0.0,0.0,0.0,1.0,0.0,0.0,1.0,0.0,0.0,0.0,0.0,0.0,0.0,0.0,A
ZT10_16X6x_gg_800nm_m10_roi1_00001_ROIs_classA_21,5.99898529980192,0.132371784331538,5.80563841897687,6.18731242045559,0.73510589325835,0.0045023556088946,0.725808763622945,0.740286271758225,315.0,265.5,90.0,1.0,0.0,0.0,0.0,1.0,0.0,0.0,1.0,0.0,0.0,0.0,0.0,0.0,0.0,0.0,A
ZT10_16X6x_gg_800nm_m10_roi1_00001_ROIs_classA_22,6.26372155626457,0.172603043537995,6.05116279596473,6.50673689101398,0.744476375855958,0.0006616293662097,0.743171931839437,0.745347389805544,419.0,169.5,140.0,1.0,0.0,0.0,1.0,0.0,0.0,1.0,0.0,0.0,0.0,0.0,0.0,0.0,0.0,0.0,A
ZT10_16X6x_gg_800nm_m11_roi1_00001_ROIs_classA_01,6.39636739930493,0.196552995158901,6.07977043193955,6.68324546186335,0.740879872053793,0.0028831843070392,0.734507546133178,0.743741864102102,320.5,398.5,35.0,1.0,0.0,0.0,1.0,0.0,0.0,1.0,0.0,0.0,0.0,0.0,0.0,0.0,0.0,0.0,A
ZT10_16X6x_gg_800nm_m11_roi1_00001_ROIs_classA_02,4.98740247524423,0.124700003390129,4.7569213332158,5.12338424098951,0.745144201678416,0.0010409803867078,0.743447067860763,0.746576233880837,465.0,178.0,20.0,1.0,0.0,0.0,0.0,0.0,1.0,0.0,0.0,1.0,0.0,0.0,0.0,0.0,0.0,0.0,A
ZT10_16X6x_gg_800nm_m11_roi1_00001_ROIs_classA_03,4.43852510846807,0.243066634815146,4.22148096645406,5.04929827643007,0.741694051430721,0.0045305010329673,0.729622215369944,0.744742457791233,396.5,219.5,25.0,1.0,0.0,0.0,0.0,0.0,1.0,0.0,0.0,1.0,0.0,0.0,0.0,0.0,0.0,0.0,A
ZT10_16X6x_gg_800nm_m11_roi1_00001_ROIs_classA_04,6.23812872799789,0.398074705397928,5.68293819596583,6.80829235239137,0.743610261239966,0.0028064000205698,0.737688148913481,0.746187660904218,294.0,298.5,10.0,1.0,0.0,0.0,0.0,1.0,0.0,0.0,1.0,0.0,0.0,0.0,0.0,0.0,0.0,0.0,A
ZT10_16X6x_gg_800nm_m11_roi1_00001_ROIs_classA_05,3.65276128192588,0.100939568967136,3.49101421632806,3.83456725475164,0.740160894215921,0.0026053335201131,0.737035610817454,0.743883088796775,417.0,450.0,15.0,1.0,0.0,0.0,1.0,0.0,0.0,1.0,0.0,0.0,0.0,0.0,0.0,0.0,0.0,0.0,A
ZT10_16X6x_gg_800nm_m11_roi1_00001_ROIs_classA_08,4.03324344350925,0.351872055162477,3.20183098202993,4.4800977938873,0.740707109230619,0.0016563412379502,0.738375792152616,0.74321956451204,89.5,78.5,20.0,1.0,0.0,0.0,1.0,0.0,0.0,1.0,0.0,0.0,0.0,0.0,0.0,0.0,0.0,0.0,A
ZT10_16X6x_gg_800nm_m11_roi1_00001_ROIs_classA_09,5.36095305672771,0.424058086763837,4.74846365370632,5.87721574943261,0.737360853535602,0.0036610588537557,0.730794551336354,0.741461325181288,117.5,241.0,25.0,1.0,0.0,0.0,1.0,0.0,0.0,1.0,0.0,0.0,0.0,0.0,0.0,0.0,0.0,0.0,A
ZT10_16X6x_gg_800nm_m11_roi1_00001_ROIs_classA_10,3.30341900867527,0.378988796940061,2.75652555027058,3.89029958789775,0.744456442332372,0.0005963788015823,0.743524119941209,0.745480577649985,33.0,445.5,25.0,1.0,0.0,0.0,1.0,0.0,0.0,1.0,0.0,0.0,0.0,0.0,0.0,0.0,0.0,0.0,A
ZT10_16X6x_gg_800nm_m11_roi1_00001_ROIs_classA_11,2.61676825135697,0.0939714525676864,2.46202522910808,2.71729807354416,0.742830423921031,0.0009279666986966,0.741315493115057,0.744026132206981,392.5,316.0,20.0,1.0,0.0,0.0,1.0,0.0,0.0,1.0,0.0,0.0,0.0,0.0,0.0,0.0,0.0,0.0,A
ZT10_16X6x_gg_800nm_m11_roi1_00001_ROIs_classA_12,4.96585407402271,0.223588890627363,4.48112797085505,5.1938952579296,0.743617824422031,0.0010875820065223,0.741190937293225,0.744565395829632,422.0,413.0,30.0,1.0,0.0,0.0,0.0,1.0,0.0,0.0,1.0,0.0,0.0,0.0,0.0,0.0,0.0,0.0,A
ZT10_16X6x_gg_800nm_m11_roi1_00001_ROIs_classA_13,4.48993632796012,0.444187394243189,3.83985935701235,5.02902494570523,0.744649705834206,0.0005480292016864,0.74378422833375,0.745307622299643,460.5,403.0,35.0,1.0,0.0,0.0,0.0,0.0,1.0,0.0,0.0,1.0,0.0,0.0,0.0,0.0,0.0,0.0,A
ZT10_16X6x_gg_800nm_m11_roi1_00001_ROIs_classA_14,3.21475564625049,0.117225204538295,3.00891103317924,3.39236576474025,0.741722580828981,0.0013999189244042,0.739526717430541,0.743321897972002,434.0,382.5,25.0,1.0,0.0,0.0,0.0,0.0,1.0,0.0,0.0,1.0,0.0,0.0,0.0,0.0,0.0,0.0,A
ZT10_16X6x_gg_800nm_m11_roi1_00001_ROIs_classA_15,7.50434670905051,0.367185764146507,6.91671608468057,8.0018299047186,0.720117571631562,0.0070967177234502,0.709273689028152,0.728099664485908,257.5,330.5,35.0,1.0,0.0,0.0,0.0,1.0,0.0,0.0,1.0,0.0,0.0,0.0,0.0,0.0,0.0,0.0,A
ZT10_16X6x_gg_800nm_m11_roi1_00001_ROIs_classA_16,5.93931102543758,0.260898262700839,5.50639470999518,6.23293089965492,0.739501081959023,0.002146788500765,0.735874884693665,0.741270434389708,230.5,296.0,35.0,1.0,0.0,0.0,0.0,0.0,1.0,0.0,0.0,1.0,0.0,0.0,0.0,0.0,0.0,0.0,A
ZT10_16X6x_gg_800nm_m11_roi1_00001_ROIs_classA_17,6.58148554535181,0.288099617883348,6.0954426304998,7.02894205938615,0.735743513585891,0.0034941382697406,0.730619446647331,0.739792436710798,215.0,335.5,40.0,1.0,0.0,0.0,0.0,0.0,1.0,0.0,0.0,1.0,0.0,0.0,0.0,0.0,0.0,0.0,A
ZT10_16X6x_gg_800nm_m11_roi1_00001_ROIs_classA_18,5.88168147980323,0.056078700724075,5.79314149058908,5.95140274734335,0.742735163155377,0.0013978049556834,0.740591187382678,0.744294429872921,321.0,484.5,35.0,1.0,0.0,0.0,0.0,1.0,0.0,0.0,1.0,0.0,0.0,0.0,0.0,0.0,0.0,0.0,A
ZT10_16X6x_gg_800nm_m11_roi1_00001_ROIs_classA_19,6.7003885168495,0.208908813979578,6.37371660154552,6.91278703889972,0.741933807884329,0.0020574930021662,0.737135288262305,0.744891371555815,318.0,447.5,35.0,1.0,0.0,0.0,0.0,0.0,1.0,0.0,0.0,1.0,0.0,0.0,0.0,0.0,0.0,0.0,A
ZT10_16X6x_gg_800nm_m11_roi1_00001_ROIs_classA_20,5.4178089962129,0.527273394217926,4.76661668576722,6.14765854490696,0.744783246973778,0.000498137968644,0.744153241098567,0.745649887498985,345.0,462.0,30.0,1.0,0.0,0.0,0.0,0.0,1.0,0.0,0.0,1.0,0.0,0.0,0.0,0.0,0.0,0.0,A
ZT10_16X6x_gg_800nm_m11_roi1_00001_ROIs_classA_21,4.30833844717211,0.22621812526396,4.04977419178672,4.70746735974811,0.739977335452516,0.0027028867023383,0.734204279712345,0.743656966731849,101.5,205.5,70.0,1.0,0.0,0.0,1.0,0.0,0.0,1.0,0.0,0.0,0.0,0.0,0.0,0.0,0.0,0.0,A
ZT10_16X6x_gg_800nm_m11_roi1_00001_ROIs_classA_22,4.07722193802368,0.152337769169942,3.83911377898328,4.36521722084057,0.743001647309633,0.0020173010145808,0.738853981610739,0.745309607283485,271.0,323.0,85.0,1.0,0.0,0.0,1.0,0.0,0.0,1.0,0.0,0.0,0.0,0.0,0.0,0.0,0.0,0.0,A
ZT10_16X6x_gg_800nm_m11_roi1_00001_ROIs_classA_23,4.50968228500038,0.0941886568407015,4.30120462453725,4.6047602329909,0.740904294359927,0.0014179589432144,0.738187764073585,0.742394800475178,296.5,78.0,20.0,1.0,0.0,0.0,1.0,0.0,0.0,1.0,0.0,0.0,0.0,0.0,0.0,0.0,0.0,0.0,A
ZT10_16X6x_gg_800nm_m11_roi1_00001_ROIs_classA_24,4.7232903942122,0.102724396006695,4.59339177786649,4.93144612741353,0.73510182895485,0.0031052957084637,0.729383132665061,0.740733834805455,220.0,163.0,30.0,1.0,0.0,0.0,0.0,1.0,0.0,0.0,1.0,0.0,0.0,0.0,0.0,0.0,0.0,0.0,A
ZT10_16X6x_gg_800nm_m11_roi1_00001_ROIs_classA_25,5.18761560549695,0.18786195666549,4.88501232200624,5.48203077274372,0.741953566526738,0.0019932211171703,0.738268626064598,0.744024501464549,237.5,140.0,25.0,1.0,0.0,0.0,0.0,0.0,1.0,0.0,0.0,1.0,0.0,0.0,0.0,0.0,0.0,0.0,A
ZT10_16X6x_gg_800nm_m11_roi1_00001_ROIs_classA_26,4.96491610533679,0.0537448163884109,4.8733071320371,5.01872424309283,0.738499809150942,0.0030850725708315,0.731112424726833,0.742219194102574,295.0,212.5,25.0,1.0,0.0,0.0,1.0,0.0,0.0,1.0,0.0,0.0,0.0,0.0,0.0,0.0,0.0,0.0,A
ZT10_16X6x_gg_800nm_m11_roi1_00001_ROIs_classA_27,5.1296448285223,0.0767633265913942,5.01906380002794,5.23384326581712,0.734492701386994,0.0031998200153547,0.728809773104002,0.737458820802044,238.5,224.5,25.0,1.0,0.0,0.0,0.0,0.0,1.0,0.0,0.0,1.0,0.0,0.0,0.0,0.0,0.0,0.0,A
ZT10_16X6x_gg_800nm_m11_roi1_00001_ROIs_classA_28,4.48535847537828,0.115363837028828,4.29221543050329,4.60375033691435,0.735243310268327,0.0060342285667078,0.720577443177243,0.741605938556362,374.5,201.0,50.0,1.0,0.0,0.0,1.0,0.0,0.0,1.0,0.0,0.0,0.0,0.0,0.0,0.0,0.0,0.0,A
ZT10_16X6x_gg_800nm_m11_roi1_00001_ROIs_classA_29,10.7233403856182,0.0638995361682924,10.6068007150894,10.8165292043369,0.726456655155179,0.0058241930282119,0.717235003974598,0.734035620249852,114.0,461.0,85.0,0.0,1.0,0.0,0.0,1.0,0.0,0.0,0.0,0.0,0.0,1.0,0.0,0.0,0.0,0.0,A
ZT10_16X6x_gg_800nm_m11_roi1_00001_ROIs_classA_30,5.77863280681749,0.162583291622162,5.49205520190343,6.0395868951772,0.743140059785129,0.0012404468061957,0.741269544473033,0.744767795297065,145.5,438.5,90.0,0.0,1.0,0.0,0.0,0.0,1.0,0.0,0.0,0.0,0.0,0.0,1.0,0.0,0.0,0.0,A
ZT10_16X6x_gg_800nm_m11_roi1_00001_ROIs_classA_31,3.56781615040779,0.0982441053360172,3.4314225067749,3.74342656802255,0.742204544534359,0.0019907958820039,0.739068444956341,0.744709638906202,255.5,470.5,25.0,1.0,0.0,0.0,1.0,0.0,0.0,1.0,0.0,0.0,0.0,0.0,0.0,0.0,0.0,0.0,A
ZT10_16X6x_gg_800nm_m12_roi1_00001_ROIs_classA_01,13.1111330856129,0.179217218482077,12.7174286840436,13.2997406394529,0.747487636200469,0.0007334633133036,0.746031011743394,0.748430258778758,263.0,457.5,5.0,0.0,0.0,1.0,0.0,0.0,1.0,0.0,0.0,0.0,0.0,0.0,0.0,0.0,0.0,1.0,A
ZT10_16X6x_gg_800nm_m12_roi1_00001_ROIs_classA_02,6.52061669498644,0.0583098233055405,6.40466744938521,6.57413461245908,0.747459403467391,0.0007223788629701,0.745926004611037,0.748318615365209,304.5,392.0,5.0,0.0,0.0,1.0,0.0,0.0,1.0,0.0,0.0,0.0,0.0,0.0,0.0,0.0,0.0,1.0,A
ZT10_16X6x_gg_800nm_m12_roi1_00001_ROIs_classA_03,17.6665022659646,0.184750802697887,17.2483057600954,17.8604898214145,0.747222126706813,0.0006465114042485,0.74584490238752,0.747897147104652,336.0,458.0,5.0,0.0,0.0,1.0,0.0,1.0,0.0,0.0,0.0,0.0,0.0,0.0,0.0,0.0,1.0,0.0,A
ZT10_16X6x_gg_800nm_m12_roi1_00001_ROIs_classA_04,6.9034044528763,0.0302764193221618,6.86134942244423,6.94830391413575,0.746770471995511,0.0007386888728593,0.745649852494118,0.747773034130816,230.5,241.5,5.0,0.0,0.0,1.0,1.0,0.0,0.0,0.0,0.0,0.0,0.0,0.0,0.0,1.0,0.0,0.0,A
ZT10_16X6x_gg_800nm_m12_roi1_00001_ROIs_classA_05,7.02406070209672,0.11731177427095,6.85769380781102,7.17237719000817,0.747243305264382,0.0008535194889439,0.74567039121535,0.748350028990566,189.5,173.5,5.0,0.0,0.0,1.0,0.0,1.0,0.0,0.0,0.0,0.0,0.0,0.0,0.0,0.0,1.0,0.0,A
ZT10_16X6x_gg_800nm_m12_roi1_00001_ROIs_classA_06,5.31503168514325,0.164426183759776,4.94245182341953,5.52832619340861,0.748031592075503,0.0004683902976193,0.747073282457931,0.748564532724226,150.0,168.0,5.0,1.0,0.0,0.0,0.0,0.0,1.0,0.0,0.0,1.0,0.0,0.0,0.0,0.0,0.0,0.0,A
ZT10_16X6x_gg_800nm_m12_roi1_00001_ROIs_classA_07,3.69716038069514,0.0714538969917857,3.60383075358298,3.82333973515802,0.748280457144292,0.0004202899458404,0.747412465448748,0.748733977402863,181.0,134.0,5.0,1.0,0.0,0.0,0.0,0.0,1.0,0.0,0.0,1.0,0.0,0.0,0.0,0.0,0.0,0.0,A
ZT10_16X6x_gg_800nm_m12_roi1_00001_ROIs_classA_08,5.28366067778477,0.164477718335405,4.92463584207105,5.52862127214785,0.744065456850918,0.0021967426856365,0.738943444970966,0.745986186336415,351.5,291.5,15.0,1.0,0.0,0.0,0.0,1.0,0.0,0.0,1.0,0.0,0.0,0.0,0.0,0.0,0.0,0.0,A
ZT10_16X6x_gg_800nm_m12_roi1_00001_ROIs_classA_09,5.63683786277647,0.0760593851793528,5.48230255079186,5.73961706549041,0.745811230799745,0.0008581905087371,0.744115820556462,0.746876799364617,321.0,319.0,20.0,1.0,0.0,0.0,0.0,0.0,1.0,0.0,0.0,1.0,0.0,0.0,0.0,0.0,0.0,0.0,A
ZT10_16X6x_gg_800nm_m12_roi1_00001_ROIs_classA_10,3.05634694573827,0.124010239543953,2.89992664852967,3.28516468669115,0.742565529321687,0.001777845320678,0.740186903537413,0.745539453884372,205.0,315.0,20.0,1.0,0.0,0.0,1.0,0.0,0.0,1.0,0.0,0.0,0.0,0.0,0.0,0.0,0.0,0.0,A
ZT10_16X6x_gg_800nm_m12_roi1_00001_ROIs_classA_11,3.390115955364,0.155563761551145,3.16312769876246,3.5491488598865,0.745136144936665,0.0014198958093198,0.742107856470788,0.746631111316323,73.0,241.5,20.0,1.0,0.0,0.0,1.0,0.0,0.0,1.0,0.0,0.0,0.0,0.0,0.0,0.0,0.0,0.0,A
ZT10_16X6x_gg_800nm_m12_roi1_00001_ROIs_classA_12,5.31001012001932,0.161767585769208,4.91793297293111,5.48748415598079,0.745483295734824,0.0012419684636934,0.743011898481352,0.746831472523412,123.0,163.5,10.0,1.0,0.0,0.0,0.0,1.0,0.0,0.0,1.0,0.0,0.0,0.0,0.0,0.0,0.0,0.0,A
ZT10_16X6x_gg_800nm_m12_roi1_00001_ROIs_classA_13,4.72616407174997,0.0668039354744365,4.54166896071159,4.77526917464716,0.746133015336764,0.0010325835549605,0.744192449092953,0.747113595909958,118.5,129.0,20.0,1.0,0.0,0.0,0.0,0.0,1.0,0.0,0.0,1.0,0.0,0.0,0.0,0.0,0.0,0.0,A
ZT10_16X6x_gg_800nm_m12_roi1_00001_ROIs_classA_14,4.45735905233581,0.194546459351749,4.11319363483298,4.6959137459121,0.736635359482814,0.0038501394406745,0.730561791516202,0.743067869206714,84.5,154.5,20.0,1.0,0.0,0.0,0.0,0.0,1.0,0.0,0.0,1.0,0.0,0.0,0.0,0.0,0.0,0.0,A
ZT10_16X6x_gg_800nm_m12_roi1_00001_ROIs_classA_15,4.45425412291571,0.108958775303795,4.25075501122723,4.61310812946991,0.735937493463451,0.004827508295267,0.730386653386629,0.74404746232174,444.0,286.5,50.0,1.0,0.0,0.0,0.0,1.0,0.0,0.0,1.0,0.0,0.0,0.0,0.0,0.0,0.0,0.0,A
ZT10_16X6x_gg_800nm_m12_roi1_00001_ROIs_classA_16,4.1915507692099,0.121713144949653,3.98818795372954,4.39885626793941,0.740501238969377,0.0026697943778715,0.734480037241211,0.743393817888682,451.0,244.5,55.0,1.0,0.0,0.0,0.0,0.0,1.0,0.0,0.0,1.0,0.0,0.0,0.0,0.0,0.0,0.0,A
ZT10_16X6x_gg_800nm_m12_roi1_00001_ROIs_classA_17,3.70066104635157,0.157052252606247,3.48232156908479,3.98001960207558,0.74308875105183,0.001999813644474,0.739652009478445,0.745585577156649,416.5,244.5,45.0,1.0,0.0,0.0,0.0,0.0,1.0,0.0,0.0,1.0,0.0,0.0,0.0,0.0,0.0,0.0,A
ZT10_16X6x_gg_800nm_m12_roi1_00001_ROIs_classA_18,7.070985173192,0.0895169617627613,6.90368048418605,7.19994955393596,0.742734752775486,0.0015868386222416,0.739818689300176,0.74436349930319,95.5,75.0,60.0,0.0,0.0,1.0,1.0,0.0,0.0,0.0,0.0,0.0,0.0,0.0,0.0,1.0,0.0,0.0,A
ZT10_16X6x_gg_800nm_m12_roi1_00001_ROIs_classA_21,5.45024191243631,0.0404651889683043,5.37664534849951,5.51024591321145,0.742770340966096,0.0010996189832813,0.740493096755295,0.744342183348954,63.0,194.0,5.0,1.0,0.0,0.0,0.0,0.0,1.0,0.0,0.0,1.0,0.0,0.0,0.0,0.0,0.0,0.0,A
ZT10_16X6x_gg_800nm_m12_roi1_00001_ROIs_classA_22,12.3437750575517,0.15014170198203,12.1000981189651,12.512676230778,0.719127899976097,0.0080427435296031,0.705635823159298,0.728338869920653,68.0,241.0,5.0,0.0,0.0,1.0,0.0,1.0,0.0,0.0,0.0,0.0,0.0,0.0,0.0,0.0,1.0,0.0,A
ZT10_16X6x_gg_800nm_m12_roi1_00001_ROIs_classA_23,5.21183416355072,0.0888404161052738,5.11570196338038,5.37163340741845,0.742750471180762,0.0013667308123111,0.740632654267233,0.743900664586077,362.5,28.0,20.0,1.0,0.0,0.0,0.0,1.0,0.0,0.0,1.0,0.0,0.0,0.0,0.0,0.0,0.0,0.0,A
ZT10_16X6x_gg_800nm_m12_roi1_00001_ROIs_classA_24,5.27893672200854,0.070473482026073,5.12422987774242,5.3539307800234,0.736563943596226,0.0030729106680056,0.730775431816622,0.740520955189653,374.5,63.5,20.0,1.0,0.0,0.0,0.0,0.0,1.0,0.0,0.0,1.0,0.0,0.0,0.0,0.0,0.0,0.0,A
ZT10_16X6x_gg_800nm_m12_roi1_00001_ROIs_classA_25,4.48028004646028,0.0549181419765494,4.38841263512378,4.56033193107213,0.733362769760378,0.0034712456185843,0.727438771416999,0.738045738146844,441.0,197.0,30.0,1.0,0.0,0.0,1.0,0.0,0.0,1.0,0.0,0.0,0.0,0.0,0.0,0.0,0.0,0.0,A
ZT10_16X6x_gg_800nm_m12_roi1_00001_ROIs_classA_26,5.02585265806074,0.124467234852526,4.8462349341281,5.21557449917432,0.742876012043327,0.0010686197478887,0.740831292104928,0.744490983734131,442.0,51.0,20.0,1.0,0.0,0.0,1.0,0.0,0.0,1.0,0.0,0.0,0.0,0.0,0.0,0.0,0.0,0.0,A
ZT10_16X6x_gg_800nm_m12_roi1_00001_ROIs_classA_27,3.61595115623826,0.211718679502954,3.34318077085419,3.8679578034908,0.735365033882786,0.0017618483222311,0.732083052675181,0.737409928545261,181.5,424.5,40.0,1.0,0.0,0.0,1.0,0.0,0.0,1.0,0.0,0.0,0.0,0.0,0.0,0.0,0.0,0.0,A
ZT10_16X6x_gg_800nm_m12_roi1_00001_ROIs_classA_28,5.11494440487663,0.179804962306463,4.82990508414946,5.34118739148465,0.739818129548626,0.0016227114963568,0.737136046311637,0.742752874240394,486.0,194.5,85.0,1.0,0.0,0.0,1.0,0.0,0.0,1.0,0.0,0.0,0.0,0.0,0.0,0.0,0.0,0.0,A
ZT10_16X6x_gg_800nm_m12_roi1_00001_ROIs_classA_29,4.65731339388277,0.0742641715645446,4.54159042273361,4.79682315689639,0.743376187023979,0.0019612702341141,0.738647645062235,0.745236982930929,348.5,180.0,10.0,1.0,0.0,0.0,1.0,0.0,0.0,1.0,0.0,0.0,0.0,0.0,0.0,0.0,0.0,0.0,A
ZT10_16X6x_gg_800nm_m12_roi1_00001_ROIs_classA_30,3.72619449094966,0.0350493712241152,3.66281533102645,3.77110855773175,0.744371539197032,0.0013483523073116,0.742352974898569,0.74661401936247,252.0,91.0,40.0,1.0,0.0,0.0,1.0,0.0,0.0,1.0,0.0,0.0,0.0,0.0,0.0,0.0,0.0,0.0,A
ZT10_16X6x_gg_800nm_m12_roi1_00001_ROIs_classA_31,4.19613970543779,0.0708344020315633,4.04429065188805,4.26590406385743,0.732233679587034,0.0036423042452567,0.728321371401492,0.740206273393525,158.5,29.0,40.0,1.0,0.0,0.0,0.0,1.0,0.0,0.0,1.0,0.0,0.0,0.0,0.0,0.0,0.0,0.0,A
ZT10_16X6x_gg_800nm_m12_roi1_00001_ROIs_classA_32,5.01422501178035,0.996401408917155,3.08264570988341,5.71932550777655,0.744482252752752,0.0008519085190955,0.743454461622981,0.745734302569931,192.5,52.5,35.0,1.0,0.0,0.0,0.0,0.0,1.0,0.0,0.0,1.0,0.0,0.0,0.0,0.0,0.0,0.0,A
ZT10_16X6x_gg_800nm_m12_roi1_00001_ROIs_classA_33,7.29178130546867,0.0728548673902808,7.19309065021665,7.41813262646298,0.74570661650822,0.0007016618276336,0.744632902745051,0.747109167329336,378.5,442.5,55.0,0.0,1.0,0.0,0.0,0.0,1.0,0.0,0.0,0.0,0.0,0.0,1.0,0.0,0.0,0.0,A
ZT10_16X6x_gg_800nm_m12_roi1_00001_ROIs_classA_34,4.77570274207681,0.0434941560932405,4.71195224294563,4.84263818912246,0.737293818376582,0.0024885284867746,0.734308568437904,0.74007633709913,88.5,113.0,75.0,1.0,0.0,0.0,1.0,0.0,0.0,1.0,0.0,0.0,0.0,0.0,0.0,0.0,0.0,0.0,A
ZT10_16X6x_gg_800nm_m12_roi1_00001_ROIs_classA_35,6.66068396653469,0.106996638523855,6.45637527390028,6.81481582332662,0.707599249460278,0.0108704447755026,0.691209277828786,0.725500156574558,425.5,365.5,115.0,0.0,1.0,0.0,1.0,0.0,0.0,0.0,0.0,0.0,1.0,0.0,0.0,0.0,0.0,0.0,A
ZT10_16X6x_gg_800nm_m12_roi1_00001_ROIs_classA_36,5.28716767007708,0.258144265302634,4.97459936003234,5.83443022314373,0.736181176499758,0.0032942028018597,0.729022521642354,0.740443801256277,376.0,216.5,165.0,1.0,0.0,0.0,1.0,0.0,0.0,1.0,0.0,0.0,0.0,0.0,0.0,0.0,0.0,0.0,A
ZT10_16X6x_gg_800nm_m12_roi1_00001_ROIs_classA_37,7.52869460936023,0.0957405466386797,7.3861694483236,7.70530509363878,0.746493853238089,0.0005910475797663,0.745824762898522,0.747488375312858,220.5,69.0,200.0,0.0,1.0,0.0,1.0,0.0,0.0,0.0,0.0,0.0,1.0,0.0,0.0,0.0,0.0,0.0,A
ZT10_16X6x_gg_800nm_m13_roi1_00002_ROIs_classA_01,7.53176670102853,0.242243338262485,7.04759076066995,7.84132347040092,0.745494706340214,0.0015851238835461,0.742840672967904,0.747491729990893,49.0,86.5,15.0,0.0,0.0,1.0,0.0,0.0,1.0,0.0,0.0,0.0,0.0,0.0,0.0,0.0,0.0,1.0,B
ZT10_16X6x_gg_800nm_m13_roi1_00002_ROIs_classA_02,5.65547115801323,0.158699703600232,5.29739820854357,5.8399814953723,0.747231826135499,0.0007977265797814,0.746255408453098,0.748469746200995,46.0,195.5,20.0,1.0,0.0,0.0,1.0,0.0,0.0,1.0,0.0,0.0,0.0,0.0,0.0,0.0,0.0,0.0,B
ZT10_16X6x_gg_800nm_m13_roi1_00002_ROIs_classA_03,5.11688587722026,0.10834151714312,4.95544648903638,5.24666914102832,0.743786068567057,0.0023432984621284,0.741014550011285,0.747885900229072,433.0,400.0,45.0,1.0,0.0,0.0,0.0,1.0,0.0,0.0,1.0,0.0,0.0,0.0,0.0,0.0,0.0,0.0,B
ZT10_16X6x_gg_800nm_m13_roi1_00002_ROIs_classA_04,5.53716988864745,0.143102635518135,5.30041165950469,5.74944691141611,0.744901788458789,0.0016334410431931,0.742627845736913,0.747627337728905,435.5,361.0,40.0,1.0,0.0,0.0,0.0,0.0,1.0,0.0,0.0,1.0,0.0,0.0,0.0,0.0,0.0,0.0,B
ZT10_16X6x_gg_800nm_m13_roi1_00002_ROIs_classA_05,5.39442671702001,0.265210199345804,5.06364699794864,5.78658516443286,0.742830024835837,0.0020930870919269,0.740413399043899,0.74651521403361,399.0,379.5,40.0,1.0,0.0,0.0,0.0,0.0,1.0,0.0,0.0,1.0,0.0,0.0,0.0,0.0,0.0,0.0,B
ZT10_16X6x_gg_800nm_m13_roi1_00002_ROIs_classA_06,6.73838428084413,0.507109949518426,6.31744767025292,7.67432608448116,0.743383663726053,0.0043810616934845,0.736943774274854,0.749024843639366,470.5,336.0,35.0,1.0,0.0,0.0,0.0,1.0,0.0,0.0,1.0,0.0,0.0,0.0,0.0,0.0,0.0,0.0,B
ZT10_16X6x_gg_800nm_m13_roi1_00002_ROIs_classA_07,3.72534380217644,0.240477835588758,3.27063453409358,3.95561227276437,0.743079054365299,0.0029557381100068,0.737786974886558,0.7468681656525,475.5,304.0,35.0,1.0,0.0,0.0,0.0,0.0,1.0,0.0,0.0,1.0,0.0,0.0,0.0,0.0,0.0,0.0,B
ZT10_16X6x_gg_800nm_m13_roi1_00002_ROIs_classA_08,5.25725686597942,0.427128583365584,4.32958326534318,6.02688457514373,0.745916735278853,0.0020779972457157,0.742252882084492,0.749052222019521,390.0,171.5,35.0,1.0,0.0,0.0,0.0,1.0,0.0,0.0,1.0,0.0,0.0,0.0,0.0,0.0,0.0,0.0,B
ZT10_16X6x_gg_800nm_m13_roi1_00002_ROIs_classA_09,4.48531978777184,0.114680576709319,4.33161276474315,4.6608581765627,0.717818157890204,0.0139433335959176,0.700171498957699,0.73695319726207,432.0,123.5,45.0,1.0,0.0,0.0,0.0,0.0,1.0,0.0,0.0,1.0,0.0,0.0,0.0,0.0,0.0,0.0,B
ZT10_16X6x_gg_800nm_m13_roi1_00002_ROIs_classA_10,4.13275384440777,0.0932711611678143,4.03710314443975,4.35057127143188,0.744874125561013,0.0013869109837618,0.743076040128095,0.74758927506827,428.5,155.0,55.0,1.0,0.0,0.0,0.0,0.0,1.0,0.0,0.0,1.0,0.0,0.0,0.0,0.0,0.0,0.0,B
ZT10_16X6x_gg_800nm_m13_roi1_00002_ROIs_classA_11,3.73251167979526,0.121210225787221,3.53511217595419,3.8605379421267,0.743100354651943,0.0025701880386424,0.739781983420972,0.747549656502003,170.0,365.5,105.0,1.0,0.0,0.0,1.0,0.0,0.0,1.0,0.0,0.0,0.0,0.0,0.0,0.0,0.0,0.0,B
ZT10_16X6x_gg_800nm_m13_roi1_00002_ROIs_classA_14,6.32999396965438,0.0735958409064512,6.18148916304549,6.40534743741495,0.746999375648217,0.0002625001340046,0.746594156683491,0.74740755022771,51.5,36.5,5.0,1.0,0.0,0.0,1.0,0.0,0.0,1.0,0.0,0.0,0.0,0.0,0.0,0.0,0.0,0.0,B
ZT10_16X6x_gg_800nm_m13_roi1_00002_ROIs_classA_15,3.68708978495691,0.0307406011285695,3.63988887861652,3.72622531060976,0.747385001837646,0.0001644838952881,0.747181656660924,0.747560573352805,186.0,66.5,5.0,1.0,0.0,0.0,1.0,0.0,0.0,1.0,0.0,0.0,0.0,0.0,0.0,0.0,0.0,0.0,B
ZT10_16X6x_gg_800nm_m13_roi1_00002_ROIs_classA_16,4.03776796414838,0.169670432769755,3.62598668826297,4.20837599010211,0.746256300493652,0.0006774293080573,0.744946124221673,0.746942590244265,340.0,199.5,5.0,1.0,0.0,0.0,1.0,0.0,0.0,1.0,0.0,0.0,0.0,0.0,0.0,0.0,0.0,0.0,B
ZT10_16X6x_gg_800nm_m13_roi1_00002_ROIs_classA_17,3.85853547499298,0.0653661218352276,3.75118363138495,3.94425956527473,0.745407159861505,0.0004712604790722,0.744431911958355,0.745899676258993,277.0,264.5,5.0,1.0,0.0,0.0,1.0,0.0,0.0,1.0,0.0,0.0,0.0,0.0,0.0,0.0,0.0,0.0,B
ZT10_16X6x_gg_800nm_m13_roi1_00002_ROIs_classA_18,4.33848193169416,0.0990828760670758,4.18846443945998,4.48431576018749,0.747079696578341,0.0001764943363513,0.746764637017591,0.747322214215882,250.5,311.0,5.0,1.0,0.0,0.0,1.0,0.0,0.0,1.0,0.0,0.0,0.0,0.0,0.0,0.0,0.0,0.0,B
ZT10_16X6x_gg_800nm_m13_roi1_00002_ROIs_classA_19,3.74345505812875,0.118808916086438,3.56252797474599,3.92635596545212,0.746307313220364,0.000914819248792,0.744041956320573,0.74722320779087,95.5,446.0,5.0,1.0,0.0,0.0,1.0,0.0,0.0,1.0,0.0,0.0,0.0,0.0,0.0,0.0,0.0,0.0,B
ZT10_16X6x_gg_800nm_m13_roi1_00002_ROIs_classA_20,3.52834811161983,0.103685697254418,3.301931179332,3.63583491814333,0.744466417436368,0.0008503536512495,0.743489382814425,0.745845093472548,227.5,383.5,10.0,1.0,0.0,0.0,1.0,0.0,0.0,1.0,0.0,0.0,0.0,0.0,0.0,0.0,0.0,0.0,B
ZT10_16X6x_gg_800nm_m13_roi1_00002_ROIs_classA_21,3.03772116003724,0.0502920366156553,2.89800239709654,3.07121231642671,0.74523123876967,0.0005849381656032,0.744413457453695,0.746150028147539,404.0,452.5,5.0,1.0,0.0,0.0,1.0,0.0,0.0,1.0,0.0,0.0,0.0,0.0,0.0,0.0,0.0,0.0,B
ZT10_16X6x_gg_800nm_m13_roi1_00002_ROIs_classA_22,4.45612843832791,0.109190361870356,4.3026007750868,4.63116859946758,0.746973008602867,0.0002465503064688,0.746558033362066,0.747335393654528,315.0,487.0,5.0,1.0,0.0,0.0,0.0,1.0,0.0,0.0,1.0,0.0,0.0,0.0,0.0,0.0,0.0,0.0,B
ZT10_16X6x_gg_800nm_m13_roi1_00002_ROIs_classA_23,3.86352810688915,0.101887348015566,3.69075547882972,3.97354913988228,0.741789892047774,0.0012440925889221,0.739872528928351,0.744395914257943,250.5,32.0,20.0,1.0,0.0,0.0,1.0,0.0,0.0,1.0,0.0,0.0,0.0,0.0,0.0,0.0,0.0,0.0,B
ZT10_16X6x_gg_800nm_m13_roi1_00002_ROIs_classA_24,5.87396909866828,0.196887323842281,5.6410623216788,6.21080350066604,0.745257504082498,0.0004180145633504,0.744457022494933,0.745743396782218,291.5,186.0,35.0,1.0,0.0,0.0,1.0,0.0,0.0,1.0,0.0,0.0,0.0,0.0,0.0,0.0,0.0,0.0,B
ZT10_16X6x_gg_800nm_m13_roi1_00002_ROIs_classA_25,4.86512934890038,0.0526124528417605,4.80961749132167,4.99024593088987,0.745478546897591,0.0006369599614827,0.744370979545519,0.74636761121812,42.0,265.0,35.0,1.0,0.0,0.0,1.0,0.0,0.0,1.0,0.0,0.0,0.0,0.0,0.0,0.0,0.0,0.0,B
ZT10_16X6x_gg_800nm_m13_roi1_00002_ROIs_classA_26,5.21805414874741,0.176677172675463,4.98334431314238,5.45957589649983,0.738458128811552,0.0028749849957469,0.733794863137906,0.742726616625126,325.0,304.5,45.0,1.0,0.0,0.0,1.0,0.0,0.0,1.0,0.0,0.0,0.0,0.0,0.0,0.0,0.0,0.0,B
ZT10_16X6x_gg_800nm_m13_roi1_00002_ROIs_classA_27,6.96950875599008,0.0641599872985937,6.86801113295362,7.05414966472452,0.734604489365298,0.0042166095781341,0.726794457123693,0.739499497206471,384.0,338.0,135.0,0.0,0.0,1.0,1.0,0.0,0.0,0.0,0.0,0.0,0.0,0.0,0.0,1.0,0.0,0.0,B
ZT10_16X6x_gg_800nm_m13_roi1_00002_ROIs_classA_28,4.25399579996195,0.233120882478348,3.97872373926242,4.62458853332531,0.744208218465543,0.0013080437498005,0.741743289920177,0.745699182519763,228.5,40.0,30.0,1.0,0.0,0.0,1.0,0.0,0.0,1.0,0.0,0.0,0.0,0.0,0.0,0.0,0.0,0.0,B
ZT10_16X6x_gg_800nm_m13_roi1_00002_ROIs_classA_29,4.65271402891537,0.282783368699157,4.22727082069739,5.02382589125559,0.742479822923586,0.0019329121924387,0.739179152415804,0.744566618538557,367.0,396.5,25.0,1.0,0.0,0.0,1.0,0.0,0.0,1.0,0.0,0.0,0.0,0.0,0.0,0.0,0.0,0.0,B
ZT10_16X6x_gg_800nm_m13_roi1_00002_ROIs_classA_30,3.19873496842908,0.620987762489551,2.23670259676761,4.00910102381627,0.737229565383408,0.0044786762419653,0.726996236129668,0.741766494575944,387.5,191.5,35.0,1.0,0.0,0.0,1.0,0.0,0.0,1.0,0.0,0.0,0.0,0.0,0.0,0.0,0.0,0.0,B
ZT10_16X6x_gg_800nm_m13_roi1_00002_ROIs_classA_31,3.4918425597091,0.237112381754716,3.09331495076,3.74912770967043,0.738242474433497,0.0025816221258524,0.734885727627408,0.742751157948226,42.5,297.0,35.0,1.0,0.0,0.0,1.0,0.0,0.0,1.0,0.0,0.0,0.0,0.0,0.0,0.0,0.0,0.0,B
ZT10_16X6x_gg_800nm_m13_roi1_00002_ROIs_classA_32,4.54463822303286,0.0568981895194979,4.46816660290053,4.66707682850535,0.741673646670212,0.0016396252492838,0.738746840545941,0.744068739935429,157.5,408.0,35.0,1.0,0.0,0.0,1.0,0.0,0.0,1.0,0.0,0.0,0.0,0.0,0.0,0.0,0.0,0.0,B
ZT10_16X6x_gg_800nm_m13_roi1_00002_ROIs_classA_33,4.54600444977084,0.102423468361689,4.35019399098798,4.65032681800319,0.73820417627402,0.0019595912371247,0.733728652209957,0.740150643428769,292.5,450.5,25.0,1.0,0.0,0.0,0.0,1.0,0.0,0.0,1.0,0.0,0.0,0.0,0.0,0.0,0.0,0.0,B
ZT10_16X6x_gg_800nm_m13_roi1_00002_ROIs_classA_35,3.6560947054647,0.0627193732471334,3.55868451065204,3.74994773327882,0.738261761994364,0.0035127875458306,0.732275537680558,0.742693537369119,326.5,100.0,60.0,1.0,0.0,0.0,0.0,1.0,0.0,0.0,1.0,0.0,0.0,0.0,0.0,0.0,0.0,0.0,B
ZT10_16X6x_gg_800nm_m13_roi1_00002_ROIs_classA_36,6.55042323965931,0.0990624094596733,6.38983578744509,6.75046865342367,0.725742980132361,0.007761745872073,0.709867328881004,0.73381198570869,306.5,357.5,100.0,0.0,0.0,1.0,0.0,1.0,0.0,0.0,0.0,0.0,0.0,0.0,0.0,0.0,1.0,0.0,B
ZT10_16X6x_gg_800nm_m13_roi1_00002_ROIs_classA_37,6.54473487992306,0.0964675515184094,6.37453429376074,6.69721689786312,0.744139153767972,0.0013199138751028,0.741787533783038,0.745834466260589,291.0,345.0,85.0,0.0,0.0,1.0,0.0,0.0,1.0,0.0,0.0,0.0,0.0,0.0,0.0,0.0,0.0,1.0,B
ZT10_16X6x_gg_800nm_m13_roi1_00002_ROIs_classA_38,5.26975807703988,0.116702563052776,5.04035471506206,5.43566645517281,0.746143130365837,0.0007791755187447,0.744938672153563,0.747047603389003,243.5,283.5,90.0,0.0,0.0,1.0,1.0,0.0,0.0,0.0,0.0,0.0,0.0,0.0,0.0,1.0,0.0,0.0,B
ZT10_16X6x_gg_800nm_m13_roi1_00002_ROIs_classA_39,5.15356687630568,0.0884473117055475,5.03024659923166,5.29244263172849,0.745023294067815,0.0015062254289595,0.742425904192179,0.746821178835924,368.5,254.0,150.0,0.0,1.0,0.0,0.0,1.0,0.0,0.0,0.0,0.0,0.0,1.0,0.0,0.0,0.0,0.0,B
ZT10_16X6x_gg_800nm_m15_roi1_00001_ROIs_classA_01,7.03995746366836,0.0904482381234393,6.89908280521421,7.16454444105154,0.746397120500511,0.0011266381104721,0.744636645507381,0.747830080207736,127.0,471.5,15.0,1.0,0.0,0.0,1.0,0.0,0.0,1.0,0.0,0.0,0.0,0.0,0.0,0.0,0.0,0.0,B
ZT10_16X6x_gg_800nm_m15_roi1_00001_ROIs_classA_02,4.56213374005276,0.229635420418257,4.15027034163001,4.86554002229584,0.743392571884184,0.0031121030616345,0.736445171558123,0.746964617631563,100.0,127.0,15.0,1.0,0.0,0.0,1.0,0.0,0.0,1.0,0.0,0.0,0.0,0.0,0.0,0.0,0.0,0.0,B
ZT10_16X6x_gg_800nm_m15_roi1_00001_ROIs_classA_03,3.75596481900442,0.0888358731288947,3.61217163171899,3.84834961279484,0.745024020625564,0.0013638826870475,0.743231304321086,0.747099523604273,170.5,344.5,15.0,1.0,0.0,0.0,1.0,0.0,0.0,1.0,0.0,0.0,0.0,0.0,0.0,0.0,0.0,0.0,B
ZT10_16X6x_gg_800nm_m15_roi1_00001_ROIs_classA_04,5.03995940937915,0.129166642480057,4.86891340471064,5.27113992745875,0.747254221181936,0.0008293881520728,0.746173605096506,0.748370481850681,350.5,185.5,20.0,1.0,0.0,0.0,0.0,1.0,0.0,0.0,1.0,0.0,0.0,0.0,0.0,0.0,0.0,0.0,B
ZT10_16X6x_gg_800nm_m15_roi1_00001_ROIs_classA_05,5.51268270075721,0.439082724559357,4.8134965268854,6.11673637185039,0.746322595215665,0.0013897133104505,0.74421573599109,0.748337920267717,370.0,174.0,20.0,1.0,0.0,0.0,0.0,0.0,1.0,0.0,0.0,1.0,0.0,0.0,0.0,0.0,0.0,0.0,B
ZT10_16X6x_gg_800nm_m15_roi1_00001_ROIs_classA_06,4.09043318528978,0.0407773406814639,4.04102207509912,4.15897702229589,0.74475760740744,0.0017411497376613,0.741828090512035,0.747048308230543,333.0,233.5,30.0,1.0,0.0,0.0,1.0,0.0,0.0,1.0,0.0,0.0,0.0,0.0,0.0,0.0,0.0,0.0,B
ZT10_16X6x_gg_800nm_m15_roi1_00001_ROIs_classA_07,4.70681512853641,0.148213119968449,4.54026229767499,4.97018739657694,0.743492159059765,0.0012751465491336,0.741625621562251,0.745646752388736,371.5,338.5,30.0,1.0,0.0,0.0,1.0,0.0,0.0,1.0,0.0,0.0,0.0,0.0,0.0,0.0,0.0,0.0,B
ZT10_16X6x_gg_800nm_m15_roi1_00001_ROIs_classA_08,6.25259727270142,0.24071452362811,5.91064136224736,6.54384690914199,0.744891487953495,0.0013345916345686,0.742352328738998,0.746954336877812,207.5,309.5,65.0,0.0,0.0,1.0,1.0,0.0,0.0,0.0,0.0,0.0,0.0,0.0,0.0,1.0,0.0,0.0,B
ZT10_16X6x_gg_800nm_m15_roi1_00001_ROIs_classA_10,3.76802737578642,0.113060045936332,3.64805658304706,4.02340053595152,0.739344699099908,0.0013616430235065,0.737487661829607,0.741452679254775,101.0,278.0,10.0,1.0,0.0,0.0,1.0,0.0,0.0,1.0,0.0,0.0,0.0,0.0,0.0,0.0,0.0,0.0,B
ZT10_16X6x_gg_800nm_m15_roi1_00001_ROIs_classA_11,4.35296727171041,0.148148921790843,4.13831943917606,4.56835352523608,0.738722947030831,0.0021577589795766,0.734122093174968,0.741615211125054,88.0,164.5,20.0,1.0,0.0,0.0,1.0,0.0,0.0,1.0,0.0,0.0,0.0,0.0,0.0,0.0,0.0,0.0,B
ZT10_16X6x_gg_800nm_m15_roi1_00001_ROIs_classA_12,4.24218889565515,0.161647767132479,3.89583063754006,4.4487558771565,0.739584940295972,0.0024406575347221,0.734957139266734,0.743172177430768,279.5,330.5,30.0,1.0,0.0,0.0,0.0,1.0,0.0,0.0,1.0,0.0,0.0,0.0,0.0,0.0,0.0,0.0,B
ZT10_16X6x_gg_800nm_m15_roi1_00001_ROIs_classA_13,3.26764135357739,0.0734786971325188,3.12858106308458,3.40428328746234,0.736444345135732,0.0048786625847954,0.72893437766749,0.742188008912335,261.5,352.0,30.0,1.0,0.0,0.0,0.0,0.0,1.0,0.0,0.0,1.0,0.0,0.0,0.0,0.0,0.0,0.0,B
ZT10_16X6x_gg_800nm_m15_roi1_00001_ROIs_classA_14,5.24106140903702,0.0841460768260367,5.11903100783161,5.35569436370205,0.737801181194257,0.0040794221657604,0.731943307908627,0.743423678376858,311.0,479.0,60.0,0.0,1.0,0.0,1.0,0.0,0.0,0.0,0.0,0.0,1.0,0.0,0.0,0.0,0.0,0.0,B
ZT10_16X6x_gg_800nm_m15_roi1_00001_ROIs_classA_16,4.85855048093816,0.0953396878806867,4.73344352358848,5.05865912052671,0.73885909953164,0.0022015705846553,0.73487614664423,0.741962614383588,119.5,95.0,40.0,1.0,0.0,0.0,1.0,0.0,0.0,1.0,0.0,0.0,0.0,0.0,0.0,0.0,0.0,0.0,B
ZT10_16X6x_gg_800nm_m16_roi1_00001_ROIs_classA_01,3.99575079087824,0.0532443073883495,3.93630526046331,4.10089105242004,0.74636137267657,0.0007415751069306,0.74531244285252,0.747374602788684,334.0,33.5,5.0,1.0,0.0,0.0,1.0,0.0,0.0,1.0,0.0,0.0,0.0,0.0,0.0,0.0,0.0,0.0,B
ZT10_16X6x_gg_800nm_m16_roi1_00001_ROIs_classA_02,6.65457258114714,0.0755289354170734,6.51664178411728,6.74075062271269,0.745389947251402,0.0015937439450133,0.741899436189014,0.747255207424656,200.0,389.5,5.0,0.0,0.0,1.0,1.0,0.0,0.0,0.0,0.0,0.0,0.0,0.0,0.0,1.0,0.0,0.0,B
ZT10_16X6x_gg_800nm_m16_roi1_00001_ROIs_classA_03,2.87176279327738,0.032362797422578,2.81284172066341,2.93028060114272,0.744334049202575,0.0011707219115635,0.74224089342348,0.74585968066944,431.5,353.5,30.0,1.0,0.0,0.0,1.0,0.0,0.0,1.0,0.0,0.0,0.0,0.0,0.0,0.0,0.0,0.0,B
ZT10_16X6x_gg_800nm_m16_roi1_00001_ROIs_classA_04,8.25879038043041,0.0680798919729978,8.14434313343159,8.32721398079065,0.739078397812873,0.0029513228161019,0.734473586841972,0.743021372755286,459.0,290.5,65.0,0.0,0.0,1.0,0.0,1.0,0.0,0.0,0.0,0.0,0.0,0.0,0.0,0.0,1.0,0.0,B
ZT10_16X6x_gg_800nm_m16_roi1_00001_ROIs_classA_05,5.91122822290192,0.0430602870702865,5.83353529752404,5.97783840612813,0.721663705109291,0.0063621779748239,0.714176176531365,0.732738199496632,448.0,238.0,65.0,0.0,0.0,1.0,0.0,1.0,0.0,0.0,0.0,0.0,0.0,0.0,0.0,0.0,1.0,0.0,B
ZT10_16X6x_gg_800nm_m16_roi1_00001_ROIs_classA_06,5.490259261484,0.23565536702704,5.24553164831709,5.88913841201034,0.743355268874204,0.0017589775511088,0.740953027352677,0.745807133254863,427.5,285.5,50.0,1.0,0.0,0.0,0.0,0.0,1.0,0.0,0.0,1.0,0.0,0.0,0.0,0.0,0.0,0.0,B
ZT10_16X6x_gg_800nm_m16_roi1_00001_ROIs_classA_07,4.25486567749208,0.0886508144234962,4.09081627952291,4.35222925140981,0.742499083799897,0.0023288632446212,0.737375680261077,0.745107921586609,303.5,194.0,55.0,1.0,0.0,0.0,1.0,0.0,0.0,1.0,0.0,0.0,0.0,0.0,0.0,0.0,0.0,0.0,B
ZT10_16X6x_gg_800nm_m16_roi1_00001_ROIs_classA_08,5.5490622841068,0.0584659952477082,5.43394703082299,5.60784342798725,0.736347013596398,0.0029572924667211,0.732824683251489,0.741230712494007,204.0,172.0,70.0,1.0,0.0,0.0,1.0,0.0,0.0,1.0,0.0,0.0,0.0,0.0,0.0,0.0,0.0,0.0,B
ZT10_16X6x_gg_800nm_m16_roi1_00001_ROIs_classA_11,3.41138413107662,0.0787132021745383,3.33606192621028,3.61498044960899,0.744555601294887,0.0002996035056788,0.744111401242246,0.744984434108491,272.5,373.0,15.0,1.0,0.0,0.0,1.0,0.0,0.0,1.0,0.0,0.0,0.0,0.0,0.0,0.0,0.0,0.0,B
ZT10_16X6x_gg_800nm_m16_roi1_00001_ROIs_classA_12,4.00583476774865,0.0838555930626702,3.85475310319864,4.08672733168779,0.744913629708522,0.0002371788199808,0.744492306628363,0.745169965985161,266.0,155.5,15.0,1.0,0.0,0.0,1.0,0.0,0.0,1.0,0.0,0.0,0.0,0.0,0.0,0.0,0.0,0.0,B
ZT10_16X6x_gg_800nm_m16_roi1_00001_ROIs_classA_13,6.78761742967861,0.108040531975776,6.53219923984174,6.95692593401433,0.741220769389457,0.0016499720228887,0.739370252018509,0.74387966032157,440.0,418.0,15.0,0.0,1.0,0.0,1.0,0.0,0.0,0.0,0.0,0.0,1.0,0.0,0.0,0.0,0.0,0.0,B
ZT10_16X6x_gg_800nm_m16_roi1_00001_ROIs_classA_14,5.81651881999206,0.107876348330301,5.6460909717424,5.99024286161495,0.698324634508567,0.0163326995632576,0.662846762521253,0.715599157261329,371.5,287.0,40.0,0.0,1.0,0.0,1.0,0.0,0.0,0.0,0.0,0.0,1.0,0.0,0.0,0.0,0.0,0.0,B
ZT10_16X6x_gg_800nm_m16_roi1_00001_ROIs_classA_15,4.39075407020693,0.234356625649924,4.028063354463,4.72422801317303,0.741372407506596,0.0009506499451506,0.739762309067802,0.742712482561121,325.5,400.0,50.0,1.0,0.0,0.0,0.0,0.0,1.0,0.0,0.0,1.0,0.0,0.0,0.0,0.0,0.0,0.0,B
ZT10_16X6x_gg_800nm_m16_roi1_00001_ROIs_classA_16,4.81370147465442,0.139541525290698,4.58860675982812,4.9980821730483,0.731381094769036,0.0034030204725826,0.723511485985036,0.735240902686485,198.5,196.5,85.0,1.0,0.0,0.0,1.0,0.0,0.0,1.0,0.0,0.0,0.0,0.0,0.0,0.0,0.0,0.0,B
ZT10_16X6x_gg_800nm_m16_roi1_00001_ROIs_classA_17,4.48417455660852,0.177509068772454,4.27486612581197,4.82840209952687,0.730821914731602,0.0039380593625877,0.724615424789042,0.735824859066428,207.5,407.5,30.0,1.0,0.0,0.0,1.0,0.0,0.0,1.0,0.0,0.0,0.0,0.0,0.0,0.0,0.0,0.0,B
ZT10_16X6x_gg_800nm_m16_roi1_00001_ROIs_classA_18,4.95957201474628,0.172042704005573,4.64544965782732,5.13042875418834,0.733685965116586,0.0026739702531772,0.729865415327123,0.73689725647668,31.0,280.5,5.0,1.0,0.0,0.0,0.0,0.0,1.0,0.0,0.0,1.0,0.0,0.0,0.0,0.0,0.0,0.0,B
